Team,Record,NET_Rank
South Carolina,36-1,1
Connecticut,31-6,2
Louisiana State,34-2,3
Stanford,29-6,4
Indiana,28-4,5
Iowa,31-7,6
Utah,27-5,7
Notre Dame,27-6,8
Virginia Tech,31-5,9
Duke,26-7,10
Texas,26-10,11
Villanova,30-7,12
Iowa State,22-10,13
Maryland,28-7,14
Tennessee,25-12,15
Ohio State,28-8,16
NC State,20-12,17
Creighton,22-9,18
Oregon,20-15,19
Louisville,26-12,20
North Carolina,22-11,21
UCLA,27-10,22
Colorado,25-9,23
Florida State,23-10,24
Mississippi,25-9,25
Michigan,23-10,26
Arizona,22-10,27
Middle Tennessee,28-5,28
Alabama,20-11,29
Washington State,23-11,30
Southern California,21-10,31
Baylor,20-13,32
Georgia,22-12,33
South Dakota State,29-6,34
South Florida,27-7,35
Florida Gulf Coast,31-4,36
Kansas,25-11,37
Oklahoma,26-7,38
Mississippi State,22-11,39
Princeton,24-6,40
Illinois,22-10,41
Marquette,21-11,42
Nebraska,18-15,43
Gonzaga,28-5,44
Michigan State,16-14,45
Oklahoma State,21-12,46
Columbia,28-6,47
Arkansas,24-13,48
Purdue,19-11,49
Miami (FL),22-13,50
Nevada-Las Vegas,30-3,51
Drake,22-10,52
Virginia,15-15,53
Oregon State,13-18,54
St. John's (NY),23-9,55
Missouri,18-14,56
Syracuse,20-13,57
Clemson,19-16,58
Massachusetts,27-7,59
West Virginia,19-12,60
DePaul,16-17,61
Northern Iowa,23-10,62
Stephen F. Austin,25-7,63
Seton Hall,19-15,64
Kansas State,19-17,65
Memphis,22-11,66
Toledo,29-5,67
Washington,19-15,68
Cleveland State,30-5,69
Green Bay,28-6,70
Rhode Island,26-7,71
Houston,15-16,72
Bowling Green State,30-7,73
Wake Forest,17-17,74
Texas Tech,20-15,75
Ball State,25-9,76
Georgia Tech,13-17,77
Harvard,20-12,78
Portland,21-9,79
Kentucky,12-19,80
Belmont,23-12,81
California,13-17,82
Florida,19-15,83
Southern Methodist,17-13,84
Auburn,16-15,85
Sacramento State,25-8,86
Boston College,16-17,87
Illinois State,23-9,88
Colorado State,18-12,89
East Carolina,23-10,90
San Diego State,21-11,91
Penn State,14-17,92
Tulane,17-14,93
Fordham,18-13,94
Richmond,21-11,95
Wyoming,21-11,96
Saint Joseph's,20-11,97
Rice,23-9,98
Jackson State,21-10,99
Vanderbilt,12-19,100
James Madison,25-8,101
New Mexico,20-13,102
Wichita State,18-15,103
Minnesota,11-19,104
Brigham Young,15-17,105
Georgetown,13-17,106
Pittsburgh,10-20,107
Liberty,22-9,108
Kent State,19-11,109
Wisconsin,11-20,110
Texas A&M,9-20,111
UTEP,20-12,112
Tulsa,17-13,113
Missouri State,20-12,114
Arizona State,8-20,115
Long Beach State,22-10,116
Pennsylvania,16-12,117
UC Irvine,23-7,118
Boston University,24-9,119
Louisiana Tech,18-13,120
Montana State,19-11,121
Northern Arizona,20-14,122
Drexel,21-10,123
Butler,11-19,124
Fairleigh Dickinson,24-8,124
Temple,11-18,125
Western Kentucky,19-14,126
Providence,13-19,127
Northwestern,9-21,128
San Francisco,17-13,129
Eastern Washington,17-11,130
Murray State,14-16,131
San Diego,18-14,132
Southern Utah,21-10,133
Santa Clara,13-17,134
Saint Louis,17-18,135
TCU,8-23,136
Gardner-Webb,29-5,137
California Baptist,22-13,139
Troy,16-13,140
Duquesne,18-12,141
Grand Canyon,19-10,142
Vermont,24-7,143
Pacific,14-17,144
Northern Kentucky,17-14,145
Northeastern,19-12,146
Hawaii,18-15,147
Central Florida,14-15,148
Iona,26-7,149
George Washington,17-13,150
Texas State,20-10,151
Old Dominion,21-12,152
Quinnipiac,21-9,153
UC Santa Barbara,19-12,154
Holy Cross,23-9,155
Davidson,14-16,156
Youngstown State,17-11,157
Montana,12-16,158
Southeastern Louisiana,19-10,159
Abilene Christian,12-15,160
UTSA,13-19,161
La Salle,17-13,162
Norfolk State,25-7,163
Towson,21-12,164
Chattanooga,18-13,165
Rutgers,12-20,166
Austin Peay,16-12,167
New Mexico State,16-17,168
Tennessee Tech,21-10,169
Utah Tech,17-12,170
Boise State,15-16,171
East Tennessee State,23-10,172
Southern Illinois,12-19,173
George Mason,16-15,174
Georgia Southern,18-10,175
UC Davis,14-14,176
IUPUI,17-13,177
Wofford,19-10,178
Stony Brook,18-13,179
UT Arlington,13-17,180
Air Force,11-18,181
Delaware,16-14,182
Saint Mary's (CA),13-18,183
North Dakota,17-13,184
Southern Mississippi,19-10,185
North Dakota State,17-12,186
Albany (NY),22-12,187
Marshall,15-14,188
Northern Illinois,16-17,189
Illinois-Chicago,19-17,190
Akron,15-13,191
UAB,12-17,192
Mercer,11-15,193
Louisiana,13-15,194
Cincinnati,9-21,195
Lamar,17-12,196
Lehigh,16-14,197
Texas A&M-Corpus Christi,16-12,198
North Texas,10-20,199
Charlotte,12-19,200
Little Rock,21-11,201
Pepperdine,10-19,202
Jacksonville State,14-14,203
Lipscomb,17-12,204
Yale,13-14,205
Maine,16-14,206
Idaho,13-17,207
Cal State Fullerton,14-16,208
Coastal Carolina,12-16,209
Eastern Illinois,20-8,210
Eastern Kentucky,15-14,211
Buffalo,12-15,212
North Alabama,12-15,213
Dayton,6-21,214
Sam Houston,11-17,215
Milwaukee,11-19,216
Florida Atlantic,10-18,217
North Carolina A&T,15-12,218
Xavier,7-23,219
Monmouth,17-16,220
Oral Roberts,11-19,221
Florida International,13-19,222
South Dakota,12-16,223
William & Mary,18-13,224
Idaho State,9-19,225
Indiana State,11-19,226
Appalachian State,9-20,227
Nevada,9-21,228
Siena,19-13,229
Eastern Michigan,14-15,230
High Point,15-15,231
Kennesaw State,13-16,232
Virginia Commonwealth,7-22,233
St. Thomas,13-17,234
Fresno State,8-22,235
Colgate,15-14,236
Bucknell,13-17,237
Tennessee-Martin,13-17,238
Brown,10-15,239
Miami (OH),11-19,240
UC San Diego,13-17,241
Purdue Fort Wayne,13-19,242
Texas-Rio Grande Valley,11-18,243
Jacksonville,9-17,244
Western Michigan,11-17,245
Portland State,13-16,246
Niagara,18-13,247
Georgia State,10-21,248
Northern Colorado,11-18,249
Fairfield,15-15,250
Arkansas State,12-19,251
Howard,16-14,252
Cornell,9-17,253
Manhattan,16-17,254
Texas A&M-Commerce,13-19,255
Hampton,11-18,256
Southern,16-15,257
Sacred Heart,18-14,258
Cal Poly,9-18,259
Stetson,11-20,260
Samford,10-17,261
Campbell,14-15,262
Omaha,13-17,263
San Jose State,6-25,264
Elon,9-21,265
Morgan State,14-12,266
Southeast Missouri State,13-15,267
Tarleton State,6-21,268
Cal State Northridge,7-24,269
Denver,11-18,270
Incarnate Word,11-14,271
Loyola (IL),6-24,272
Arkansas-Pine Bluff,13-17,273
Oakland,12-17,274
Evansville,11-19,275
Maryland-Baltimore County,13-15,276
UNC Greensboro,13-14,277
Cal State Bakersfield,8-23,278
College of Charleston,9-18,279
Binghamton,11-17,280
Marist,12-18,281
Southern Indiana,9-17,282
Army,12-17,283
Central Michigan,6-23,284
Robert Morris,9-19,285
Loyola Marymount,6-23,286
Ohio,6-23,287
Bellarmine,7-22,288
Radford,12-17,289
Prairie View,12-15,290
UC Riverside,5-25,291
Valparaiso,7-23,292
Grambling,10-20,293
Seattle,6-24,294
Bethune-Cookman,11-18,295
Hofstra,11-20,296
Western Illinois,8-20,297
American,9-22,298
Alabama State,15-15,299
Coppin State,8-22,300
Furman,8-19,301
Mount St. Mary's,11-19,302
Alabama A&M,14-15,303
Wright State,7-24,304
Wagner,13-15,305
Houston Christian,8-18,306
North Carolina Central,12-16,307
McNeese State,10-19,308
NJIT,13-16,309
Weber State,6-25,310
Kansas City,7-23,311
Dartmouth,2-26,312
Alcorn State,10-17,313
Maryland-Eastern Shore,7-20,314
Loyola (MD),10-21,315
New Orleans,8-20,316
Canisius,9-21,317
UNC Wilmington,4-24,318
Presbyterian,11-17,319
Tennessee State,8-18,320
Massachusetts-Lowell,5-22,321
SIU Edwardsville,9-22,322
Rider,10-21,323
Merrimack,14-16,324
Utah Valley,4-24,325
Northwestern State,8-18,326
Lafayette,10-19,327
St. Bonaventure,6-26,328
Louisiana-Monroe,4-23,329
Central Arkansas,6-18,330
Florida A&M,5-23,331
St. Francis (NY),10-19,332
Morehead State,9-20,333
Bryant,7-21,334
Detroit Mercy,4-25,335
Stonehill,8-20,336
Bradley,3-28,337
South Alabama,6-23,338
Texas Southern,2-27,339
Utah State,3-26,340
North Florida,5-20,341
Long Island University,7-22,342
New Hampshire,6-21,343
UNC Asheville,10-19,344
Queens (NC),5-21,345
Longwood,9-21,346
Central Connecticut State,7-22,347
Delaware State,5-19,348
South Carolina Upstate,9-20,349
Western Carolina,6-21,350
Winthrop,7-22,351
Saint Francis (PA),7-22,352
Nicholls State,4-24,353
Lindenwood,1-24,354
Navy,1-29,355
Charleston Southern,4-25,356
Saint Peter's,0-30,357
Chicago State,4-21,358
Mississippi Valley State,2-27,359
South Carolina State,3-27,360
Non D1,0-26,361
